<ivysettings>
  <settings defaultResolver="local"/>
  <include url="${ivy.default.settings.dir}/ivysettings-local.xml"/>
  <resolvers>
    <ibiblio name="local-m2" m2compatible="true" root="file://${user.home}/.m2/repository" changingPattern=".*SNAPSHOT" />
    <filesystem name="local-m2-publish" m2compatible="true">
      <artifact pattern="${user.home}/.m2/repository/[organisation]/[module]/[revision]/[artifact]-[revision](-[classifier]).[ext]"/>
    </filesystem>
  </resolvers>
</ivysettings>